name,count
SPY,428
QQQ,375
DIA,317
TLT,92
TBT,76
GLD,73
AAPL,69
TSLA,58
UUP,52
USO,50
FXE,49
AMZN,47
OIL,46
IAU,45
BA,42
TMV,38
VNQ,37
GE,33
IWM,33
EUO,30
UNG,29
YINN,29
UWT,28
ABBV,27
UGAZ,26
T,26
DGAZ,25
KHC,25
YANG,24
VGK,23
IYR,23
ACB,20
FB,20
BRK.B,20
PHYS,19
CVS,19
FXB,19
XHB,19
GXC,19
BRK.A,19
SLV,18
GDX,17
EWU,17
VOO,17
EEM,17
UDN,17
VT,17
WINMQ,16
INTC,16
BABA,15
BNS,15
CGC,15
MU,15
TIP,15
UNIT,15
AMD,14
GOLD,14
XLK,14
BMY,14
NFLX,14
CHK,14
ADBE,14
FXI,14
MSFT,13
SH,13
KMI,13
BAM,12
CELG,12
UPRO,12
XLU,11
XLE,11
JD,11
HYG,11
AAL,11
DLR,11
JNK,11
BP,11
ET,11
ALB,11
MNKD,10
PG,10
NVDA,10
LYFT,10
GLRE,10
XLI,10
COST,10
ADM,10
SHY,10
MDT,10
ACWI,10
HD,10
CSCO,10
O,10
NEM,9
AGNC,9
BIL,9
BIDU,9
NE,9
GBB,9
NTNX,9
JNJ,9
WMT,9
GIS,9
EA,9
PFE,9
AMRN,9
EADSF,9
XOM,9
CTL,9
APHA,9
FTR,9
OAK,8
AI,8
CRM,8
BBY,8
GOOGL,8
IBM,8
ESV,8
ENB,8
VWO,8
BPR,8
XLY,8
VZ,8
CVX,8
DVN,8
IEF,8
BZUN,8
KWEB,8
RIG,8
BHC,8
SQ,8
WBA,8
CLR,8
JPM,8
PCG,8
BTC-USD,8
UCO,7
XLF,7
CAT,7
WLL,7
AVGO,7
CDEV,7
CPB,7
NUGT,7
CRBN,7
GOOG,7
KR,7
AMGN,7
RY,7
GLQ,7
AMGP,7
CRC,7
AGN,7
DVA,7
VIS,7
FIDU,7
DIS,7
BOIL,7
SPHQ,7
ETH-USD,7
AGG,7
PEP,7
AMED,6
VTI,6
ADP,6
AXP,6
DISH,6
DG,6
MCD,6
DPZ,6
MO,6
HVRRF,6
HVRRY,6
LGCY,6
NWL,6
CNQ,6
IVE,6
FEZ,6
M,6
GPRO,6
SDRL,6
SGMO,6
AMT,6
BAC,6
KO,6
XRT,6
DSI,6
ETM,6
HA,6
ASHR,6
TJX,6
ACHC,6
BND,6
GLNG,6
AOBC,6
BLK,6
ADSK,6
ATVI,6
FCEL,6
HON,6
UTX,6
F,6
TEVA,6
AMAT,6
MYL,6
BUD,6
CL,6
CWEN,6
WAB,6
RDS.A,5
RDS.B,5
AZPN,5
LADR,5
AHOTF,5
AEO,5
HSY,5
AFL,5
UGA,5
ASNA,5
DKS,5
GLDM,5
DAL,5
DXJ,5
WDAY,5
EPD,5
PACD,5
ALL,5
AABA,5
HEDJ,5
APLE,5
E,5
ORCL,5
GD,5
HEXO,5
LEVI,5
DBUK,5
HPQ,5
MCEP,5
MELI,5
APA,5
APU,5
HRL,5
WY,5
TGT,5
IRDM,5
DOC,5
WEAT,5
EWG,5
VCR,5
AMLP,5
LRCDF,5
EDIT,5
EWC,5
EPR,5
DBX,5
IVV,5
GDXJ,5
PM,5
SSNLF,5
XLV,5
AVB,5
CMI,5
ARCC,5
SO,5
GNC,5
ABCB,5
ZS,5
OHI,5
CONE,5
RHHBY,5
GPC,5
GSG,5
SWAV,5
MMNFF,5
AMZA,5
AMVMF,5
NIO,5
IBB,5
AGO,5
PANW,5
ADI,5
ACRX,5
SEDG,5
HTZ,5
JAG,5
AEM,5
NTR,5
AAUKF,5
KEG,5
RDC,5
BHP,5
DHR,5
SRPT,5
FANG,5
SPYX,5
IFF,5
CMG,4
AHT,4
BKS,4
CNSL,4
LTC,4
GNL,4
QTS,4
SHV,4
TECL,4
BHR,4
DPLO,4
CREE,4
FDX,4
AMBA,4
GEAGF,4
ABEV,4
BL,4
BPY,4
UNH,4
REGN,4
SFIX,4
SUP,4
BDRLF,4
HUBS,4
PTCT,4
EQIX,4
AES,4
OAS,4
MAIN,4
SWCH,4
TCEHY,4
BIP,4
MRNA,4
BNO,4
DTIL,4
LOW,4
HBM,4
FMS,4
TWTR,4
BTI,4
VET,4
NXTTF,4
VTR,4
PPLT,4
IEMG,4
BTG,4
SOYB,4
V,4
ECC,4
CIO,4
TWLO,4
SDLP,4
WTR,4
APC,4
EB,4
AY,4
EFA,4
LC,4
ATUSF,4
SRC,4
CGBD,4
CDNA,4
CPRT,4
TRUP,4
AZO,4
ABR,4
OMER,4
DAX,4
DHY,4
BDCL,4
BDCS,4
DNR,4
TFX,4
BCRX,4
OMI,4
WTW,4
EWA,4
FXA,4
AIF,4
HCHDF,4
IDTI,4
YY,4
AMH,4
CLX,4
COP,4
TNA,4
LLY,4
NGD,4
NILSY,4
APF,4
PLAN,4
ALIT,4
VALE,4
TSLX,4
GSL,4
HZNP,4
ITB,4
BXG,4
VGT,4
IRM,4
CQQQ,4
DBA,4
FIVN,4
AOS,4
IYT,4
SFL,4
CBL,4
PSX,4
FNKO,4
FHL,4
TTD,4
ARNC,4
EPI,4
CHRW,4
MMP,4
ANF,4
EXR,4
TTI,4
MA,4
FLR,4
FCAU,4
HOV,4
MORL,4
KAR,4
NM,4
UVXY,4
TLRY,4
ORC,4
AMC,4
EOG,4
CRL,4
INDA,4
BMO,4
BDC,4
DEA,4
ABB,4
SRCL,4
LUV,4
RIO,4
TD,4
REI,4
TPIC,4
GLCNF,4
LB,4
FL,4
MMM,4
JCP,4
CM,4
FIT,4
GOL,4
SRE,4
USMV,4
ICPT,4
RRC,4
LVS,4
LBTYA,4
DISCA,4
WEN,4
LRCX,4
KEYS,4
INST,4
EXK,4
CXO,4
NSRGY,4
IAG,4
TMST,4
STMP,4
W,4
CCDBF,4
AGR,4
ACC,4
TTC,4
Y,3
CLD,3
ULTA,3
LL,3
CE,3
GDOT,3
ACRGF,3
IRET,3
GG,3
RUHN,3
DGX,3
AGRO,3
PRDSY,3
ENV,3
APLS,3
GALT,3
BPT,3
MGA,3
PLUG,3
DB,3
GLPG,3
SPLK,3
TERP,3
URBN,3
HEAR,3
CPE,3
CME,3
WHR,3
MOMO,3
AGI,3
TSQ,3
REPH,3
NKE,3
GMLP,3
HMLP,3
JJCTF,3
COPX,3
AGQ,3
SEA,3
ACIW,3
CRBP,3
DO,3
BDSI,3
PDLI,3
CBLK,3
DGBP,3
QCOM,3
AZUL,3
IJH,3
CELH,3
CHAP,3
PETX,3
SNH,3
ELOX,3
FKU,3
ZFGN,3
PLCE,3
AXSM,3
COUP,3
THERF,3
AMRX,3
ATEC,3
UPL,3
SJM,3
EQNR,3
IPI,3
ALNY,3
CCA,3
MDB,3
AZZVF,3
MLNX,3
UTHR,3
VPU,3
AIV,3
HK,3
CXW,3
GEO,3
OCUL,3
FPRX,3
DVAX,3
PSF,3
AQN,3
BRFRF,3
DBC,3
TGNA,3
TMO,3
EVOP,3
BAS,3
EXEL,3
GNCA,3
RDUS,3
SUPN,3
PETQ,3
SKT,3
PRTK,3
HPT,3
LZB,3
COLL,3
CCLP,3
SVMK,3
TOT,3
CPYYY,3
VXX,3
ZTO,3
TEUM,3
KDP,3
ALRM,3
ANET,3
MAXR,3
MNK,3
STWD,3
NEE,3
EUFN,3
NPRUF,3
ELLI,3
NOG,3
C,3
MKL,3
SBBP,3
CDXC,3
CMCSA,3
AUDS,3
ALPN,3
THO,3
BPMC,3
DRNA,3
BIIB,3
NITE,3
ADVM,3
AKAO,3
LIMAF,3
TXMD,3
EXAS,3
TIGR,3
PRAA,3
MDR,3
ACP,3
AFT,3
EW,3
ASND,3
BRFS,3
DY,3
PBR,3
EZU,3
ILMN,3
IYH,3
JO,3
VXXB,3
ADT,3
EGY,3
AYX,3
DK,3
DOVA,3
MKGAF,3
DE,3
XLRN,3
VNDA,3
HUYA,3
HX,3
SESN,3
NBR,3
HMHC,3
TYD,3
MRK,3
WCN,3
SBUX,3
CNP,3
EVRG,3
PEG,3
AM,3
XLP,3
AGS,3
DWDP,3
MDCO,3
SOXL,3
CTRP,3
AROC,3
CEQP,3
FSLR,3
SOXX,3
BGNE,3
AIZ,3
DHI,3
AJX,3
ARI,3
EGHSF,3
MGY,3
YEXT,3
USDU,3
VOD,3
QCAN,3
ALTAF,3
DEO,3
UNP,3
XBI,3
ETSY,3
CBS,3
HRI,3
ANDX,3
GSBD,3
KSU,3
QSR,3
FCELB,3
UAL,3
REZI,3
PUMP,3
HTGC,3
HSON,3
MEGEF,3
MEET,3
ABT,3
CAF,3
CVNA,3
BX,3
AGM,3
NEWM,3
MUX,3
PBW,3
ALLE,3
CLNC,3
VNQI,3
MRVL,3
LMT,3
TCRD,3
TRMLF,3
RGR,3
ARNA,3
GNFT,3
NKTR,3
SIVR,3
K,3
EXTN,3
ROST,3
SMLP,3
ONCE,3
YGYI,3
ADS,3
AN,3
BF.B,3
ASG,3
MLCO,3
AON,3
CCI,3
DLTR,3
USLV,3
ANCUF,3
PZZA,3
NMFC,3
CTST,3
SNAP,3
WFC,3
PAAS,3
TSG,3
PBA,3
APTS,3
BOX,3
AWR,3
SWDBF,3
USCR,3
CSLT,3
CORN,3
VNOM,3
VC,3
DIN,3
HENKY,3
BAX,3
NOBL,3
DBB,3
DLPH,3
VSM,3
BCC,3
CASA,3
LXP,3
GPS,3
AAOI,3
CULP,3
CRON,3
FTAI,3
HNI,3
MTZ,3
NYCB,3
SITC,3
RHP,3
WHLR,3
GORO,3
ACRE,3
ABC,3
AL,3
PEB,3
LKQ,3
BGS,3
AKBA,3
RLJ,3
OKE,3
SEMG,3
JWN,3
CAI,3
ACAD,3
CISN,3
KWR,3
PEGI,3
DDD,3
TWNK,3
FIX,3
VCYT,3
CDPYF,3
TECK,3
PGR,3
TNDM,3
CVVTF,3
ALEAF,3
QLYS,3
ACA,3
CARG,3
VMW,3
TPH,3
PK,3
BKNG,3
LHCG,3
ANSS,3
ECA,3
IEP,3
KPTI,3
CZR,3
SBRCY,3
VYGR,3
PRGO,3
SRCI,3
USAC,3
CDNAF,3
ITRI,3
SNY,3
BCS,3
INDY,3
SNR,3
CARZ,3
ERI,3
SNE,3
WMGI,3
GTE,3
EGO,3
DF,3
STZ,3
XEC,3
GTX,3
MITT,3
MESO,3
PNLYY,3
SLCA,3
TEX,3
HASI,3
TREX,3
DNKN,3
VTIP,3
SSTK,3
HMSY,3
ROKU,3
OUT,3
ATH,3
HIMX,3
TVTY,3
MOS,3
CRZO,3
ALSN,3
FTI,3
TGH,3
HT,3
TGCDF,3
SNCAF,3
PSHZF,3
MFA,3
WPG,3
OTTR,3
FCX,3
QEP,3
RCM,3
AUY,3
CDE,3
PAGS,3
ICLR,3
CHD,3
HLX,3
JACK,3
OXY,3
XIN,3
NCLH,3
APPN,3
GIL,3
CFPUF,3
RARE,3
WPC,3
CSS,3
SWKS,3
MIC,3
CECO,3
HSC,3
INTU,3
SUI,3
GOGL,3
NVTA,3
SAND,3
GDI,3
FXCOF,2
PCI,2
MIN,2
SGAPY,2
CRIS,2
BT,2
CCRGF,2
AIRB,2
GNL.PA,2
RNET,2
AGYS,2
RFP,2
VTSMX,2
DGRW,2
TECS,2
VBTLX,2
CHGG,2
AOCIF,2
BKE,2
RSP,2
HCAP,2
WSC,2
HRVOF,2
IJR,2
HYGS,2
GSVC,2
VSTO,2
BXEFF,2
BIOS,2
VUZI,2
TUSK,2
LMCNF,2
ICE,2
SMTX,2
HWCC,2
ATAI,2
REDU,2
PCTI,2
UTSI,2
SOI,2
RESN,2
DOCU,2
MDCA,2
MNDJF,2
S,2
SAFM,2
CINF,2
HRC,2
UBS,2
IVTJF,2
SELB,2
BREW,2
YYY,2
MYMSF,2
GLOP,2
DUFRY,2
JCAP,2
CPER,2
TCLAF,2
BPL,2
HTHT,2
SLX,2
MT,2
ACN,2
RWEOY,2
SAFLF,2
AQST,2
AWLCF,2
VIVE,2
GAIN,2
AVID,2
JBL,2
WSPOF,2
MOR,2
DLAKF,2
NGG,2
MNTX,2
IIPR,2
PRBZF,2
FPI,2
VFF,2
AXU,2
TRZBF,2
PPDF,2
FSM,2
SND,2
SNDX,2
PFNX,2
EWJ,2
FXY,2
SLCJY,2
HUD,2
SCOO,2
HSIC,2
XONE,2
IDSY,2
NFYEF,2
CI,2
TEN,2
SMSOF,2
GCO,2
NTRA,2
NNBR,2
CATB,2
ACHN,2
RTRX,2
LNXSF,2
NNDM,2
LXRX,2
DS,2
ARZGF,2
SMRT,2
HMLSF,2
I,2
TIPT,2
CVGI,2
AGEN,2
TTWO,2
SHOP,2
AFIN,2
EARS,2
CWSRF,2
KPLUY,2
TU,2
MGM,2
BJRI,2
DMB,2
CY,2
XME,2
MPW,2
RQI,2
GDS,2
YGRAF,2
DOMO,2
BNEFF,2
VKTX,2
MLNT,2
TPCO,2
FTSI,2
HPE,2
ENAKF,2
HRVSF,2
ESTE,2
DLNG,2
MOGO,2
XLRE,2
EWQ,2
FLFR,2
RAIFF,2
AAXN,2
AYR,2
UL,2
CLSD,2
AXDX,2
PTGX,2
DENN,2
VICR,2
GUSH,2
HMTV,2
GTN,2
COHU,2
HCHC,2
NRE,2
RC,2
LTM,2
IEI,2
GLMD,2
QHC,2
GECC,2
PEIX,2
AIG,2
PDD,2
SENS,2
VRNA,2
SYRS,2
GNMK,2
TGA,2
INS,2
NBIX,2
PRU,2
FMCC,2
EXPR,2
KMRPF,2
CVU,2
CIEN,2
SCHH,2
HKMPF,2
MCHI,2
MLCPF,2
RAD,2
CPYYF,2
LMRK,2
NLY,2
MCK,2
CEFL,2
GF,2
CFRUY,2
APEI,2
HTGM,2
NEON,2
BPI,2
GBERY,2
CLW,2
CRNCY,2
CNI,2
MAR,2
BEP,2
SCCAF,2
BKEP,2
CEE,2
OCC,2
TRMD,2
OTIC,2
BBBY,2
TEDU,2
GILD,2
FND,2
SHNWF,2
PCRTF,2
RRTS,2
OXFD,2
ASPU,2
MRUS,2
VTNR,2
STXS,2
ERYP,2
KLXE,2
FPAY,2
AXGT,2
SAGE,2
URGN,2
IAF,2
NVTR,2
INSW,2
TGP,2
INGR,2
IRL,2
EIRL,2
WM,2
KEYW,2
RUBY,2
ABDC,2
ITCI,2
AERI,2
LXFR,2
AR,2
FMX,2
BJ,2
SPG,2
HSBC,2
BGFV,2
FIZZ,2
VER,2
VHT,2
GGBXF,2
BNDX,2
BWX,2
GIM,2
CCXI,2
AGFS,2
KIN,2
ADC,2
BEAT,2
QTWO,2
SIRI,2
APD,2
OBE,2
TRHC,2
MCRB,2
JNCE,2
EL,2
MYOK,2
EROS,2
CTMX,2
SBPH,2
GARS,2
XAN,2
POYYF,2
ASA,2
CNTY,2
CS,2
ACRZF,2
SLNCF,2
ADMS,2
FLL,2
LPI,2
HCM,2
CTSH,2
PGHEF,2
GOOD,2
COLD,2
HLNFF,2
PDPYF,2
TPL,2
SPXL,2
BCE,2
MIME,2
LIN,2
CRAK,2
INWK,2
NMM,2
TCP,2
EQM,2
SMH,2
EXETF,2
FREL,2
JJGTF,2
TGTX,2
HFC,2
CDNS,2
OMC,2
FXC,2
MRSN,2
LONE,2
CNAT,2
SYF,2
DRRX,2
YPF,2
HOG,2
QTT,2
APTV,2
JBLU,2
ROK,2
HAS,2
SAUC,2
UMH,2
NAV,2
OKTA,2
NWHUF,2
NCSM,2
ERA,2
NVEE,2
LOMA,2
TUP,2
LAD,2
FLY,2
CWH,2
DSKE,2
OSG,2
IFPJF,2
EGLE,2
ASRT,2
OEC,2
CAKE,2
ALDX,2
CIK,2
VFL,2
EGFEY,2
CPG,2
LGND,2
CTTAF,2
CALA,2
FGEN,2
ARKK,2
WRK,2
WTI,2
NIB,2
QCLN,2
MTCH,2
TSM,2
HCP,2
NNN,2
TTOO,2
AWP,2
IGR,2
MAV,2
KKWFF,2
DPSTF,2
INSY,2
CTSO,2
JYNT,2
WLDN,2
AUTO,2
DESP,2
RAND,2
KFY,2
GWRS,2
SDPI,2
AMP,2
SQM,2
ALARF,2
PARXF,2
MAA,2
COR,2
MIDD,2
SU,2
REVG,2
SSYS,2
CECE,2
NEWT,2
PIRGF,2
BOSSY,2
TECD,2
TPVG,2
BKCC,2
CRCM,2
GPRK,2
TGLS,2
ALBO,2
ABM,2
EWUS,2
IGT,2
CMTL,2
ITW,2
VGR,2
AMIGF,2
MEI,2
CLMT,2
OTCM,2
HDSN,2
CTK,2
DL,2
COOP,2
GAIA,2
CURO,2
ELVT,2
NM.PG,2
NM.PH,2
AGNCB,2
AGNCN,2
SUN,2
GNFTF,2
IONS,2
SSI,2
HRB,2
BGAVF,2
EXG,2
SPMYY,2
CSL,2
NHTC,2
ETW,2
DBD,2
KOLD,2
HEI,2
LULU,2
LNVGY,2
XIACF,2
RST,2
DLGNF,2
ARGKF,2
MRRCF,2
GBNXF,2
INXN,2
WHF,2
CCRN,2
GIFI,2
HCCI,2
SEMFF,2
SSW,2
ROAD,2
MRC,2
PMTS,2
SQBG,2
OPTN,2
AEGXF,2
BTE,2
AMRC,2
MTLS,2
JSTLF,2
AXNNF,2
REGI,2
VCEL,2
CABO,2
EPZM,2
EWY,2
EV,2
BRX,2
OOMA,2
ROP,2
UNFI,2
NGHC,2
VSLR,2
VLRX,2
UGLD,2
CCJ,2
SBR,2
PBI,2
DVYE,2
KURA,2
CCO,2
ATGFF,2
NEW,2
AVAV,2
IKTSF,2
ALGN,2
GDP,2
WB,2
OTEL,2
GNK,2
EDVMF,2
JASN,2
SPGYF,2
CPTA,2
EVKIF,2
BBJP,2
DBJP,2
AFI,2
RNLSY,2
LEAF,2
SNEC,2
ASM,2
GMS,2
SD,2
MAT,2
YETI,2
PRA,2
CMTA,2
ASHTF,2
AMR,2
AFRAF,2
AHBIF,2
BUDFF,2
AMSF,2
ETN,2
BST,2
MRRL,2
REML,2
CAH,2
IQ,2
AFH,2
OPK,2
STX,2
UPWK,2
ATHM,2
CWBHF,2
OGS,2
IVW,2
MD,2
MJDLF,2
XON,2
CWST,2
SPKE,2
ESTC,2
WELL,2
SLG,2
PPL,2
LUNA,2
TNEYF,2
MASI,2
ENTG,2
AB,2
FRAC,2
BCPC,2
ARESF,2
GRMN,2
BMWYY,2
FRT,2
DUAVF,2
PSLV,2
PBYI,2
FDN,2
AAVVF,2
ECNCF,2
ADDYY,2
KEYUF,2
STAY,2
FSK,2
PRIM,2
BWLLF,2
EPRT,2
CMD,2
SRI,2
ARRS,2
OCINF,2
GRIN,2
RSAIF,2
AMADF,2
POFCF,2
SPOXF,2
DCO,2
ENGGF,2
BMCH,2
SFTBY,2
AA,2
INGXF,2
DGLD,2
AZN,2
IBP,2
BVRDF,2
SWX,2
COCAL,2
GOLF,2
IMIAF,2
CNFR,2
SPAR,2
CADNF,2
LAUR,2
EBKOF,2
DAVA,2
ACSAF,2
SAPMF,2
TCNGF,2
AESAY,2
TRS,2
OZMLF,2
RBA,2
TFECF,2
ALG,2
EBIX,2
RSX,2
XRAY,2
MLFNF,2
KOP,2
BLDR,2
MYE,2
ZIXI,2
PLYA,2
NVAX,2
PSTG,2
RUN,2
STRA,2
GPK,2
GMPXF,2
GCAP,2
AT,2
FTCH,2
JOBS,2
UVE,2
VRS,2
PLNT,2
SCOR,2
AMBC,2
LVMUY,2
NOMD,2
FSS,2
ZMTP,2
TDOC,2
RAIL,2
FTDR,2
DOLLF,2
EDV,2
ICUI,2
BAESY,2
BAESF,2
HYS,2
SJNK,2
BGH,2
COIN,2
AQMS,2
SUBCY,2
ATRS,2
CNCE,2
CBAY,2
FLXN,2
HHC,2
EIX,2
KRA,2
VRTV,2
PDCE,2
CYBR,2
RYCEY,2
ARGX,2
SAVE,2
STN,2
NRG,2
PDCO,2
TROX,2
TYL,2
SBOW,2
NLSN,2
INSP,2
VST,2
SJI,2
GEF,2
FOLD,2
DAR,2
FRO,2
CWT,2
CARS,2
QRTEA,2
MKKGY,2
AMWD,2
CODI,2
PRAH,2
NVCR,2
FOE,2
CROX,2
GWPH,2
ECPG,2
HCLP,2
CHTR,2
MGRC,2
OXSQ,2
KHNGF,2
BILI,2
CDNTF,2
CWK,2
ENDP,2
NSP,2
SVVC,2
LBTYK,2
EBS,2
PE,2
BK,2
EWM,2
DISCK,2
RHT,2
ADRNY,2
NTIOF,2
TWODF,2
ALEX,2
SASDF,2
VGZ,2
RUBI,2
LXU,2
BDRFF,2
LQD,2
TAC,2
DREUF,2
KLAC,2
SVYSF,2
PGTI,2
ITVPF,2
ASPS,2
DRQ,2
WP,2
MGNX,2
INGN,2
ENIA,2
KKR,2
EE,2
OMP,2
PLRUF,2
EYE,2
PNM,2
NNDIF,2
RRD,2
PS,2
WEIGF,2
HPR,2
ORA,2
ODP,2
EDRVF,2
BTA,2
CLH,2
BAYZF,2
CIR,2
OCN,2
LIVN,2
GCP,2
MTDR,2
FPLSF,2
TS,2
NGL,2
GTY,2
BKLN,2
FLMN,2
CW,2
FRPT,2
RRGB,2
WAAS,2
POCEF,2
ODPVY,2
RESI,2
UAA,2
WYNN,2
SE,2
LVMHF,2
DX,2
DKL,2
PALAF,2
SPRWF,2
PSXP,2
SCHP,2
BZLFY,2
TXN,2
SCBFF,2
ELEZF,2
VEC,2
JBT,2
JAZZ,2
CDXS,2
COIHF,2
LGIH,2
SRHGF,2
AXGN,2
AKCA,2
THLEF,2
SERV,2
XRP-USD,2
TVPKF,2
LNG,2
PRFT,2
SNHY,2
THC,2
KBR,2
ROGFF,2
NTRI,2
LDL,2
AVNS,2
MEGGF,2
BWEN,2
RLGY,2
TRTX,2
OSPN,2
BASFY,2
GSM,2
NOA,2
BLD,2
WYND,2
AISSF,2
CRD.A,2
MEDP,2
BWXT,2
TRI,2
LILAK,2
FCN,2
CAPL,2
TVIX,2
TLRA,2
LOPE,2
FBM,2
FRFHF,2
PALL,2
TPR,2
SCCO,2
KRE,2
NSRGF,2
NVO,2
SHAK,2
TWOU,2
BOARF,2
RP,2
ELGX,2
SBRA,2
VEON,2
COG,2
CELTF,2
FURGF,2
SSL,2
SSRM,2
KL,2
KGC,2
LBTSF,2
AWI,2
STAR,2
BB,2
JT,2
FI,2
DAIO,2
WU,2
IVZ,2
SSO,2
CRI,2
AEOMF,2
AMSLF,2
ARRRF,2
BOSC,2
CAGDF,2
IMDZ,2
GASS,2
EIDO,2
TZA,2
HRS,2
NHI,2
TNC,2
ICLN,2
COLM,2
CCOI,2
BOWFF,2
ROCK,2
CBWTF,2
FOCS,2
EME,2
ERIC,2
TRGP,2
NBLX,2
URI,2
SATS,2
SPN,2
GTLS,2
HCC,2
CODGF,2
PQG,2
OR,2
CATM,2
NOC,2
SSREF,2
DTEGF,2
LWSCF,2
SCL,2
HRNNF,2
APYX,2
IIN,2
HLF,2
BRC,2
BOUYF,2
CBD,2
PYTCF,2
MSA,2
ANIK,2
MCRN,2
NUACF,2
HF,2
XOG,2
ARD,2
ECSIF,2
PSO,2
TDS,2
CUBE,2
COT,2
AIMC,2
ECOL,2
BVN,2
AVH,2
RELX,2
CNK,2
ITGR,2
LNT,2
GMHLF,2
EHTH,2
WDOFF,2
CFPZF,2
TRAGF,2
CIB,2
RMAX,2
HMCBF,2
MDRX,2
EKTAF,2
UAN,2
B,2
COLFF,2
SWM,2
ERIE,2
KREF,2
PPG,2
IPG,2
ARMCO,2
OROCF,2
HEES,2
TREVF,2
ORAN,2
NCMI,2
CENX,2
AMKAF,2
KALU,2
AXAHF,2
FLS,2
IART,2
WPX,2
STOR,2
CRK,2
ES,2
TNK,2
PXD,2
CSTM,2
GHDX,2
ESRT,2
VG,2
SM,2
EFC,2
LBY,2
BG,2
VMI,2
NDSN,2
OC,2
SHLX,2
PLAB,2
CJ,2
COMM,2
VIPS,2
IRT,2
OGE,2
TX,2
SREV,2
XPER,2
IVR,2
AHL,2
KIO,2
SGGKF,2
OGFGF,2
STOSF,2
GSK,2
KLDO,2
A,2
TSU,2
ROG,2
EVTC,2
MANT,2
INOV,2
GLAPF,2
RBBN,2
GDDY,2
FSNUF,2
TKC,2
TXRH,2
PPRQF,2
DAKT,2
ETR,2
SAH,2
QUAD,2
JEC,2
CNDT,2
HST,2
FE,2
AWK,2
IBDSF,2
NTB,2
ILPT,2
VRSK,2
CRNT,2
IOSP,2
ARNGF,2
WIX,2
UNIEF,2
WLK,2
VNTR,2
NI,2
ESEA,2
VIV,2
WOLTF,2
MTUAF,2
ENLK,2
IPHS,2
BESIY,2
WOLWF,2
VPG,2
SPKKY,2
APAJF,2
UA,2
IHG,2
OCANF,2
SITE,2
OISHF,2
LMAT,2
ECL,2
GPDNF,2
MDLZ,2
SQNS,2
SAUHF,2
MUB,2
BPMUF,2
WWR,2
PDMDF,2
XLB,2
CMTOY,2
CTB,2
CTG,2
AU,2
NBL,2
WBT,2
AAWW,2
DOOR,2
SB,2
JELD,2
NEO,2
ALIM,2
AGPPF,2
APY,2
ENBL,2
RBGPF,2
LDOS,2
EMRAF,2
NWTUF,1
VRIG,1
FFIV,1
ESGR,1
RVRS,1
NTTHF,1
QSEP,1
DLRVF,1
SDIPF,1
ATOS,1
KIRK,1
PIAIF,1
MRKR,1
IMH,1
SIC,1
CB,1
EPE,1
III,1
STLJF,1
ISVLF,1
KNDI,1
FTEK,1
BOOT,1
THETA-USD,1
MMAC,1
HAIR,1
ALO,1
NEWR,1
KTHN,1
AMCA,1
DVP,1
FDSWX,1
KELTF,1
SA,1
AVDL,1
AFK,1
ESG,1
FPXI,1
PHII,1
PHIIK,1
HNGR,1
CXDC,1
CTRN,1
ASGOF,1
LRCPF,1
COE,1
KHTRF,1
VFC,1
AER,1
JCAP.PB,1
SPE,1
NISTF,1
TTPH,1
PVTL,1
BAFBF,1
GDEN,1
REFR,1
RMNI,1
TRTC,1
GHG,1
FRSH,1
GVP,1
AQSZF,1
RMED,1
NDLS,1
ZUMZ,1
TLYS,1
VRAY,1
BTX,1
ENT,1
CLBS,1
BNGO,1
FEIM,1
CRMD,1
ASV,1
ASUR,1
ACHV,1
SDS,1
OXBDF,1
PAR,1
HSDT,1
EXXRF,1
GBLBF,1
GBLBY,1
ATHX,1
ERJ,1
BLFS,1
MRAM,1
QRHC,1
ZSAN,1
AMTX,1
NXPI,1
KNOP,1
MBII,1
GBIL,1
NEAR,1
AXAS,1
UXIN,1
NGS,1
TALO,1
PNWRF,1
BATRA,1
RDNT,1
VTGDF,1
AVLR,1
NEOS,1
TCBK,1
GBCI,1
BAYRY,1
ANGO,1
INOD,1
AP,1
DIIBF,1
RMTI,1
LX,1
VNRX,1
SMSEY,1
LCUT,1
SRLP,1
FECCF,1
ACTG,1
ZPTAF,1
APM,1
NTEC,1
CLLS,1
AMTD,1
AMOT,1
MSI,1
CNNE,1
NWPX,1
MCUIF,1
JMIA,1
BGT,1
CRHM,1
EYPT,1
PGNX,1
INFI,1
AGGZF,1
SNN,1
OSIR,1
ALOT,1
BBRE,1
EWRE,1
RIBT,1
PPRUY,1
MPO,1
FTD,1
HMI,1
MFCSF,1
MPSYF,1
KINS,1
INAP,1
NWKRF,1
WOPEF,1
WOPEY,1
AAXJ,1
EWI,1
EVN,1
SLCJF,1
CANE,1
FAAFX,1
FAIRX,1
IFLY,1
CLDR,1
FPH,1
SYNC,1
BWMXF,1
SMTC,1
ZDGE,1
SRT,1
FNJN,1
EYES,1
SFS,1
MGEN,1
TLRD,1
SVRA,1
NEPH,1
SMSI,1
EVTZF,1
EOI,1
ETB,1
ETY,1
HHS,1
EMLAF,1
FLNT,1
SIUMF,1
AFGVF,1
QBCRF,1
OILK,1
TW,1
GLBS,1
VLEEF,1
RCKXF,1
BIRDF,1
IMV,1
LBM,1
HPF,1
FII,1
IMXI,1
CESDF,1
AKR,1
DGRO,1
ABSSF,1
BOTZ,1
GV,1
VRA,1
TISI,1
BXC,1
TRK,1
PST,1
SKIS,1
SGRY,1
BADFF,1
SEEL,1
OTIV,1
CORV,1
AVXL,1
LUMIF,1
ALNA,1
SRRK,1
ZUO,1
GHY,1
ISD,1
ITPOF,1
DQ,1
PUK,1
BBW,1
TRVN,1
ALFA,1
GTILX,1
SAGAX,1
IJS,1
TRVG,1
HYB,1
EVGN,1
CGNX,1
GRVY,1
SPOZF,1
VTSI,1
RWR,1
SYMC,1
KYCCF,1
FLRN,1
GVDNY,1
CBK,1
IRTC,1
MAPIX,1
NVZMF,1
ATLKY,1
GVDBF,1
NLY.PC,1
NLY.PG,1
FNV,1
OUNZ,1
CEW,1
CHNA,1
DVOL,1
ARGT,1
PCEF,1
NOAH,1
SUSA,1
VGSH,1
APTO,1
CHKGF,1
EVRI,1
INO,1
IPIC,1
PRPL,1
CARA,1
ODT,1
ELCPF,1
FANH,1
SIEN,1
VAPO,1
VSTM,1
BLCM,1
GH,1
HROW,1
CVRS,1
BGSF,1
LMNR,1
SALM,1
VVV,1
CLNE,1
ZAGG,1
RFIL,1
AMPH,1
CVSI,1
SNCR,1
DUST,1
SUNW,1
HNRG,1
IEA,1
EUFL,1
SGA,1
DFRG,1
MB,1
OLN,1
JAX,1
CASY,1
MTEX,1
SPRO,1
XOMA,1
OPTT,1
FZROX,1
TUFN,1
ZYME,1
SIL,1
ANGPY,1
FRTA,1
SHLO,1
SALT,1
HOLX,1
IPGP,1
FIXX,1
MYOV,1
CRVS,1
SYBX,1
KOPN,1
UMRX,1
ZAYO,1
MYGN,1
MRTX,1
ENZ,1
WTT,1
MG,1
TST,1
PIRS,1
CLXT,1
GMDA,1
HURC,1
NERV,1
FLDM,1
NES,1
IEFA,1
MNLO,1
AEE,1
TELNF,1
SURF,1
LIFE,1
LITE,1
SONO,1
MHK,1
CLIX,1
HILGX,1
SHE,1
RKDA,1
GNW,1
GS,1
ESNT,1
MTG,1
NMIH,1
ANFI,1
CIVI,1
GNTX,1
MJ,1
BGSWF,1
FUN,1
DDAIF,1
INVH,1
AUSE,1
CZNC,1
EPHE,1
AKREX,1
AKRIX,1
AKRSX,1
CCS,1
AVD,1
NDRA,1
ODC,1
TPNL,1
PHOT,1
PBSFF,1
SIBN,1
CDMO,1
MRIC,1
TEO,1
VTVT,1
ESALF,1
KALA,1
UPS,1
FTSV,1
MCHP,1
CRLFF,1
CF,1
CACC,1
AWTM,1
IBUY,1
IRBT,1
MDP,1
MLND,1
CSII,1
MALJF,1
HDB,1
PBIO,1
ATNX,1
BOCH,1
BUSE,1
NASB,1
BMA,1
XAN.PC,1
CHIR,1
CHIL,1
EWH,1
CEV,1
OESX,1
CERC,1
GRPN,1
ITRN,1
EDN,1
VLPNF,1
SBGL,1
CMP,1
SHLDQ,1
ROL,1
JJM,1
DATA,1
INFY,1
WIT,1
BTN,1
BCO,1
SLP,1
BERY,1
CLB,1
YARIY,1
CLF,1
BBX,1
ACOPF,1
BTOOY,1
SXI,1
ALXN,1
SPXS,1
XES,1
ACWV,1
PRSNX,1
VGWAX,1
RNG,1
ANPDY,1
BAND,1
ABEO,1
JVA,1
LEA,1
XYL,1
HLT,1
EMMBF,1
RKUNF,1
PGCSF,1
CBL.PD,1
CBL.PE,1
OSK,1
BYDDF,1
YMAB,1
THCBU,1
PBC,1
PSEC,1
GRFS,1
TLC,1
VDC,1
KEY,1
MUE,1
OIH,1
AHH,1
ALLO,1
ESPO,1
KYN,1
ARKF,1
FLIN,1
INCO,1
DOG,1
FINX,1
OFS,1
QDIV,1
MPGPF,1
RHI,1
ATV,1
VONOY,1
INFU,1
WOW,1
ESVIF,1
RLH,1
CMLEF,1
RTN,1
DSU,1
ARDC,1
PLYM,1
PMULF,1
MTN,1
BNB-USD,1
SUPV,1
PBF,1
KMT,1
LLEX,1
HCA,1
NSC,1
SKX,1
LABU,1
ANTM,1
FTV,1
ANH,1
ELY,1
GRCLF,1
FRHLF,1
DRW,1
DOV,1
LYB,1
TKR,1
GTES,1
LMGDF,1
DBL,1
AHC,1
USX,1
BHAT,1
TOTZF,1
CLFD,1
LII,1
EVOK,1
IMGN,1
AFFT,1
FGP,1
TSC,1
BIG,1
MGU,1
PLXP,1
IBIBF,1
NSU,1
ZIJMF,1
ZIJMY,1
ONCY,1
HTA,1
SLTTF,1
ITP,1
FENC,1
VIVEF,1
SAMG,1
ACWX,1
DCP,1
KBH,1
ACDVF,1
DWMF,1
ASAZF,1
MAC,1
TCO,1
ULBI,1
EWAS,1
EMB,1
AGTHX,1
FDGRX,1
VAFAX,1
PFIE,1
MCA,1
HCMLY,1
INVE,1
PMOIF,1
QTRX,1
GSHD,1
XXII,1
UPLD,1
AGLE,1
CEMI,1
HCI,1
CLDX,1
ACMR,1
DXPE,1
INTT,1
NAVB,1
JSDA,1
YI,1
GERN,1
NATR,1
NSTG,1
WTRH,1
ABUS,1
INSG,1
ERII,1
MYO,1
CHUY,1
FLT,1
CYRX,1
JNPR,1
SNMSF,1
PRGX,1
PRTS,1
LOCO,1
SNSS,1
YUM,1
LAC,1
IDT,1
QES,1
NCTY,1
KIDS,1
TWI,1
IBKR,1
PEYUF,1
KRP,1
IFEU,1
FTK,1
WMS,1
TLF,1
BLDP,1
EEYUF,1
TRIB,1
FRPH,1
TREC,1
RGSE,1
ALSK,1
URG,1
RCMT,1
CBWBF,1
WHD,1
BRY,1
IR,1
MNI,1
ABMD,1
CBRE,1
IIP.UN,1
MYRG,1
KNTNF,1
RNKLF,1
RTPPF,1
NINE,1
UFAB,1
ZEAL,1
BURL,1
ARQL,1
ACTI,1
MSIXF,1
CTTAY,1
AMIGY,1
GMRE,1
EGFEF,1
NRP,1
GLP,1
CRUS,1
BPFH,1
TTEC,1
USPH,1
HBB,1
MLR,1
BTAI,1
IMOS,1
SAWLF,1
GRP.U,1
USDP,1
WPTIF,1
MNDAX,1
EANRF,1
OZM,1
ARTX,1
DXYN,1
OTEX,1
ZLAB,1
VIIX,1
XIV,1
BLNK,1
XNET,1
CBPO,1
VMMXX,1
SILK,1
VICL,1
GNE,1
CBHMF,1
NC,1
HOS,1
XERS,1
PRNEX,1
BTO,1
BGR,1
BBC,1
BMYMP,1
ANCTF,1
ADWPF,1
PEI,1
PEI.PC,1
PEI.PD,1
DSGX,1
GWRE,1
PCOM,1
XENE,1
AVGR,1
HIIQ,1
GLW,1
TACO,1
VISI,1
TACT,1
CRESY,1
PURE,1
WMC,1
DBGR,1
DXGE,1
QDEL,1
RNGR,1
IRS,1
FVE,1
UONEK,1
JCI,1
RYI,1
LGGNF,1
QUMU,1
DCI,1
PARR,1
DTE,1
NX,1
AMPY,1
CXSNF,1
LINC,1
HRZN,1
MRCC,1
GDLLF,1
MLXEF,1
MTXXY,1
CWXZF,1
SCM,1
WEYS,1
JILL,1
IAALF,1
CHS,1
RTW,1
GLYC,1
COHN,1
REPYF,1
REPYY,1
AMMCF,1
HBI,1
KBA,1
AFG,1
AMNF,1
MPLX,1
SWDBY,1
GNRC,1
NGHCN,1
NGHCO,1
VODPF,1
BHRQY,1
URA,1
VIXY,1
EEB,1
BKF,1
TKXHF,1
SKNG,1
PRMW,1
GCGMF,1
COO,1
CDLX,1
TPB,1
HENOY,1
HELKF,1
FATE,1
MVIS,1
ZIOP,1
SAIL,1
IRIX,1
DVDCF,1
CPSH,1
BIOL,1
RILY,1
SGYP-OLD,1
CXDO,1
AXNX,1
GSKY,1
SNDR,1
CDTX,1
PRQR,1
HBP,1
LUKOY,1
CNC,1
ERFSF,1
BEST,1
WMB,1
TR,1
PINC,1
MTB,1
PNC,1
GRBK,1
SIG,1
JW.A,1
DPG,1
KSS,1
CMRX,1
DEWJ,1
DCIX,1
BNED,1
OBSV,1
RTMVF,1
RTMVY,1
RNSDF,1
STRL,1
TRLPF,1
SINA,1
MCC,1
PKOH,1
RPV,1
STIM,1
ADUS,1
SYNL,1
NAO,1
HOME,1
HYMTF,1
ARPO,1
CVGW,1
IMBBY,1
CCD,1
CHY,1
GFY,1
BSIG,1
ASML,1
TRIP,1
AMG,1
QAI,1
ITOT,1
BULL,1
FAST,1
GWW,1
VNET,1
CWYUF,1
EAGL,1
ENGIY,1
VIEMF,1
RVRA,1
ACU,1
CLAR,1
DWSN,1
ARKAF,1
WING,1
LJPC,1
NVS,1
HCSG,1
IPAR,1
BR,1
EMR,1
SYK,1
NEP,1
INNT,1
PHM,1
MGIC,1
MXWL,1
NRBAY,1
NRDEF,1
SPGI,1
STE,1
CVA,1
MDU,1
NTAP,1
DFJ,1
SLDB,1
FLIR,1
RYN,1
WHLRD,1
WHLRP,1
BKCYF,1
UNVR,1
HVBTF,1
APPL,1
HRTG,1
TGB,1
SVRGF,1
QD,1
BULIX,1
FUTY,1
ICTVX,1
CSLLY,1
SRTS,1
PAYX,1
SAPIF,1
MTRAF,1
JABAX,1
PFRAX,1
PTTRX,1
AOD,1
BGX,1
CHEF,1
GSV,1
ALSCP-OLD,1
CHMI,1
SEFCF,1
AUDVF,1
BCCMY,1
TRQ,1
AVEO,1
IHY,1
SWK,1
FRI,1
FSHOX,1
MCO,1
CRT,1
KRO,1
ISDR,1
WDC,1
INPCF,1
FVD,1
SPHD,1
TOK,1
LNDNF,1
LNDNY,1
LUPEY,1
LTRPA,1
IEZ,1
RLJ.PA,1
ASLN,1
RHHBF,1
STPP,1
FLAT,1
CDUAF,1
OPESF,1
BBDC,1
DVCR,1
SHEN,1
AEGN,1
ANZFF,1
SFE,1
ITI,1
CRAI,1
ALTR,1
TOUR,1
ACLTF,1
ADNT,1
PNTR,1
ABGOF,1
AAON,1
TGONF,1
GTHX,1
SFBTF,1
EUCMF,1
FLGT,1
AAUKY,1
TCMD,1
PLD,1
RMT,1
HQH,1
SAFRF,1
MXCHF,1
ARLP,1
LBRDA,1
UCBJF,1
OLMIF,1
ATRC,1
MIINF,1
LAWS,1
APPS,1
GTS,1
FG,1
LIND,1
MONDF,1
MNGPF,1
PRSC,1
THNRF,1
HABT,1
BID,1
TAST,1
BCKIF,1
PSYTF,1
JONE,1
JG,1
ELVAF,1
PZRIF,1
EQH,1
SPYD,1
EQGPF,1
AINC,1
LNAGF,1
GGN,1
EVFM,1
SWN,1
KVHI,1
ALEC,1
ICD,1
ITCB,1
WRCDF,1
MRETF,1
CORE,1
NWN,1
LORL,1
BEKSF,1
CSU,1
TUWLF,1
TUWOY,1
OPI,1
BSX,1
TDW,1
CLNY,1
WUBA,1
SSP,1
KXSCF,1
DRAD,1
ASTE,1
QURE,1
ONEXF,1
PKIUF,1
WAT,1
NUS,1
BRSS,1
EIDX,1
FNHC,1
GPL,1
SRG,1
PTLA,1
MBI,1
FOMX,1
LM,1
OSTK,1
EQ,1
NGVT,1
FDUS,1
AVA,1
PML,1
FCOM,1
FTUAX,1
VTCAX,1
SVBI,1
BIO,1
HCFT,1
MTUM,1
QUAL,1
LHSIF,1
MRRTY,1
RILYI,1
CIT,1
EXLS,1
GLKIF,1
PLSQF,1
AAAU,1
BAR,1
DGL,1
SEB,1
CCCCF,1
MPX,1
UTL,1
X,1
VDE,1
ERX,1
DIVB,1
POAHY,1
PKB,1
ABG,1
KTOS,1
TEAM,1
DELL,1
BANX,1
RIGL,1
NPTN,1
CFWFF,1
GSAT,1
UHS,1
LYV,1
EKSO,1
GLIBA,1
ZGNX,1
AIMT,1
TCON,1
ATAX,1
HBIO,1
DZSI,1
CHRS,1
KMPH,1
APPF,1
SPOK,1
USOD,1
SPPI,1
MSCI,1
CR,1
AUBN,1
CBSH,1
CORR,1
GAINL,1
NGHCP,1
PLDGP,1
BCEI,1
BEN,1
VAC,1
TCPC,1
RXEEY,1
RXLSF,1
CWCO,1
ATSG,1
BLX,1
HGV,1
KW,1
XRX,1
BKEPP,1
BPMP,1
FWONA,1
MFIN,1
QTRH,1
TFIFF,1
RCUS,1
RTIX,1
RETA,1
MGLN,1
WNC,1
TEL,1
DBCP,1
PTRS,1
SHTPY,1
AKRX,1
WSR,1
EGRX,1
GTT,1
MTRX,1
AMCX,1
PCRX,1
PJC,1
GENGF,1
CHDN,1
BAB,1
ACSAY,1
GPOR,1
TOCA,1
SEAS,1
PRTY,1
PSDO,1
MSTR,1
SAPMY,1
SAAYY,1
FDCPX,1
RSIFX,1
POFCY,1
APAFF,1
ATVVF,1
BBGI,1
TPRE,1
MPC,1
BC,1
DSL,1
USOI,1
IYF,1
OGRMF,1
SHSP,1
STAG,1
ETG,1
FIVE,1
RYCEF,1
RLLCF,1
ERUS,1
ACGYF,1
BKD,1
MLSS,1
SNNA,1
DSUM,1
CBON,1
KCNY,1
ADAP,1
JAGG,1
JQUA,1
IP,1
SMLR,1
GKOS,1
WIFI,1
SYN,1
HY,1
ORBC,1
SPNE,1
NLNK,1
TPC,1
RGNX,1
MNST,1
BOLD,1
NLST,1
MRO,1
FELP,1
IOVA,1
MAN,1
ZNGA,1
LEVB,1
PSA,1
CRSP,1
TOL,1
SZEVF,1
CWB,1
FLC,1
FPF,1
CLGX,1
TRSSF,1
ANIP,1
DPMLF,1
GUYFF,1
BBSI,1
PTVCA,1
WTTR,1
DRUNF,1
GALXF,1
EC,1
SCGLF,1
LYL,1
NOVT,1
CHCT,1
AUPH,1
SBGI,1
TWODY,1
KHNGY,1
WEGRY,1
WEIGY,1
LAND,1
SHOO,1
LAIX,1
NGL.PB,1
MFC,1
DFIN,1
AAALF,1
INN,1
CMBS,1
MGPI,1
APMFF,1
BSSMF,1
GEAGY,1
BHVN,1
WATT,1
PRT,1
MDY,1
UBIO,1
KCAP,1
KMPPF,1
AXTA,1
SEKS,1
FXS,1
TORSF,1
GWLIF,1
AGGY,1
USFR,1
PAYC,1
HOLHF,1
SOLO,1
SOLOW,1
MITK,1
TDIV,1
FCIT,1
GLOG,1
NXTD,1
BTVCF,1
BTVCY,1
BDX,1
EQXFF,1
DORM,1
PAC,1
WVVI,1
SOLVY,1
SVYZY,1
OPYGY,1
AHODF,1
PKX,1
SHG,1
WF,1
LGLV,1
MOAT,1
ICFI,1
MMSI,1
FNLPF,1
EVH,1
CLVS,1
OPRX,1
SPNS,1
TBPH,1
ARC,1
BNFT,1
VEEV,1
ELF,1
DERM,1
CERS,1
PEN,1
KOF,1
VVUS,1
CELC,1
FOXF,1
HURN,1
TIVO,1
OPGN,1
ENPH,1
CSGP,1
WNGRF,1
ZYXI,1
RVNC,1
PESAF,1
JAKK,1
IMMR,1
BJO,1
SYX,1
BTG-USD,1
EOS-USD,1
SKM,1
SYKE,1
PLOW,1
IMAX,1
HUSKF,1
CURLF,1
MED,1
CPIX,1
VREYF,1
VLEEY,1
KAMN,1
CYD,1
NCI,1
OPHT,1
CVEO,1
NXST,1
XHR,1
TREE,1
IHRTQ,1
NTXFF,1
EUHMF,1
GCNJF,1
CBRL,1
STKL,1
TA,1
HSKA,1
WSTG,1
AKTS,1
EXTR,1
LUNMF,1
RBYCF,1
PVG,1
BFRA,1
BFFTF,1
TURN,1
LSI,1
BSM,1
DDS,1
CBS.A,1
TRXC,1
SOHO,1
RMBL,1
WDDYF,1
RDHL,1
DRH,1
SRGHY,1
COIHY,1
TPRKY,1
ABEPF,1
SHW,1
DSX,1
KIM,1
GLPEF,1
GLPEY,1
ELEZY,1
VSI,1
CO,1
GM,1
RCII,1
IGIFF,1
LQDA,1
CGMRX,1
IRSAX,1
MORT,1
PUFXF,1
CGEN,1
DNA,1
GEC,1
CYB,1
HUM,1
GREEF,1
INNTY,1
IPHYF,1
WPP,1
EQR,1
UDR,1
EARN,1
FSDDF,1
CPT,1
ARGO,1
CNS,1
TMXXF,1
BZLFF,1
WPG.PI,1
TNP,1
TNP.PE,1
TNP.PF,1
INGIF,1
INGIY,1
BMDPF,1
BMDPY,1
BMDSD,1
JPST,1
MEGGY,1
UUUU,1
THLEY,1
THLLY,1
EWCS,1
KBE,1
IAT,1
VPL,1
VEACU,1
PILL,1
IPSEY,1
PODD,1
ALDR,1
IMMU,1
NLS,1
KEP,1
CMFN,1
XNCR,1
RCKY,1
EVER,1
OFIX,1
FRGI,1
AME,1
XENT,1
CORT,1
PBPB,1
BSQR,1
HSII,1
AJRD,1
MYTAY,1
NSA,1
SSNNF,1
AKP,1
FTSSF,1
SUPGF,1
ILNLF,1
ILNLD,1
STBMF,1
STBMY,1
EAF,1
GFGSF,1
AKG,1
NCMGF,1
NCMGY,1
DRGDF,1
SMMCF,1
SQQQ,1
ERO,1
PIAGF,1
SAIC,1
VGLT,1
LABL,1
SRMMF,1
INVA,1
KOS,1
VLY,1
NMKEF,1
CLDT,1
AUTL,1
FYLD,1
MAS,1
BSBR,1
BZQ,1
ITUB,1
LPX,1
KMB,1
EVX,1
FSLEX,1
ICIAX,1
HIFR,1
SKYS,1
UEIC,1
GLXZ,1
ECH,1
ETH,1
YMAIF,1
STT,1
SCTBF,1
FCG,1
CZFC,1
TSN,1
CRAY,1
SUM,1
RDFN,1
ESS,1
HIHO,1
ENTA,1
MDGL,1
NESR,1
CTXS,1
ETFC,1
STNG,1
XLNX,1
TENB,1
TLND,1
PTM,1
ATNI,1
FNSR,1
FCAN,1
TWEIX,1
YAFFX,1
GGO,1
ATR,1
SPTN,1
KEM,1
SIX,1
USOU,1
SMHD,1
CFRHF,1
AET,1
DEST,1
COW,1
DBKO,1
FKO,1
KOL,1
IDX,1
TORXF,1
VCSH,1
IHI,1
MCS,1
INRLF,1
CHSP,1
IDA,1
NHLD,1
VIAB,1
HT.PC,1
HT.PD,1
GGB,1
EIFZF,1
OPRA,1
SGC,1
ASGTF,1
DMRC,1
SFTBF,1
NESRF,1
KBCSF,1
KBCSY,1
BNPQY,1
PINIT,1
ACAMU,1
RTLR,1
HYDW,1
BDN,1
EQT,1
ASMIY,1
GNBT,1
CBPX,1
TOLWF,1
RUSL,1
CSV,1
SP,1
SUMR,1
ILKAF,1
TELDF,1
MATX,1
BOOM,1
LUCRF,1
ARREF,1
UBNT,1
ASPN,1
VLRS,1
ASIX,1
IRCP,1
MGDPF,1
GRBMF,1
AKAM,1
TMMFF,1
LH,1
ADSW,1
RPT,1
SLRC,1
NPIFF,1
ENRFF,1
HII,1
CHRVF,1
VEOEY,1
TEF,1
PNW,1
CYDY,1
SGTPY,1
SGTZY,1
UFPI,1
ITT,1
SEM,1
CLPS,1
SUNS,1
DUNDF,1
EXPE,1
NYMT,1
EIHDF,1
ERF,1
THS,1
DRETF,1
LRLCY,1
LRLCF,1
XIACY,1
INSM,1
KNSL,1
TVPT,1
GFSZF,1
GFSZY,1
BBP,1
PHLAX,1
SWHFX,1
ULH,1
OBLN,1
FINGF,1
SUZBY,1
SUZ,1
MNTA,1
JRVR,1
NTSFF,1
BONXF,1
RUTH,1
LPSN,1
UGP,1
OILU,1
USM,1
LEN,1
SJW,1
NHS,1
ZBH,1
XOP,1
KRYS,1
SVM,1
CGOOF,1
XSOE,1
BMRN,1
EEFT,1
BYD,1
DXCM,1
WRI,1
INFN,1
IOTS,1
Z,1
INT,1
VERI,1
ACIA,1
SGMS,1
RS,1
CYTK,1
ATRO,1
HALO,1
SBAC,1
ATUS,1
OXLC,1
NVRO,1
OLED,1
SAP,1
STAA,1
UCTT,1
GMED,1
CVI,1
CIFAF,1
DFS,1
TRN,1
TK,1
EFX,1
PSB,1
THRM,1
AUGR,1
BMLP,1
BZF,1
CYH,1
HL,1
UNT,1
BELFB,1
CHE,1
LBLCF,1
LEE,1
EIG,1
PWR,1
ORZCF,1
PAA,1
CGJTF,1
CLI,1
SFM,1
RBC,1
RGEN,1
CAR,1
ED,1
EVA,1
PTN,1
LOR,1
IDCC,1
GOGO,1
KMX,1
MKC,1
BHF,1
RIOCF,1
BCRH,1
CLUB,1
OTCAX,1
ORBT,1
CC,1
NAK,1
KPFS,1
NOW,1
SIEGY,1
SMAWF,1
CMRE,1
CMRE.PC,1
CMRE.PD,1
SOGO,1
GT,1
WLMIF,1
NSANY,1
HMC,1
BSV,1
TCNNF,1
EAD,1
IVH,1
AJG,1
NMZ,1
BAF,1
BBF,1
FOX,1
MOH,1
SGGKY,1
OGFGY,1
SSLTY,1
SSLZY,1
EWZ,1
BRZU,1
BRF,1
CAE,1
PONPX,1
VYM,1
VYMI,1
CCLAF,1
OCSL,1
ALLT,1
NTES,1
AVK,1
SZCRF,1
SAM,1
SNPS,1
PI,1
SEPJF,1
NUVA,1
WK,1
OGDCF,1
AXTI,1
CLIR,1
LOGM,1
CUTR,1
LASR,1
AMSWA,1
PEGA,1
MMI,1
APTI,1
TM,1
PBTS,1
DGICA,1
TAYD,1
KRG,1
GVA,1
JE,1
AEL,1
WIRE,1
LAMR,1
NCLIX,1
GSS,1
HDELY,1
HSTM,1
GCI,1
AMJ,1
GLDD,1
UFCS,1
AINV,1
ARES,1
ROIC,1
WWW,1
PDS,1
FTSM,1
FARO,1
GEAHF,1
CRMT,1
HVT,1
PH,1
GEL,1
STZHF,1
NAT,1
PTY,1
MTUAY,1
TLTZF,1
TLSNF,1
FLOW,1
DIV,1
MDIV,1
WOLZY,1
CBAUF,1
ATHN,1
TTGT,1
LNTH,1
HDV,1
FSRBX,1
IYG,1
PSCF,1
TILE,1
SPOT,1
CHFS,1
QTNT,1
VRSN,1
ORMP,1
ACET,1
DAC,1
UAE,1
PACB,1
GXOCF,1
BCEKF,1
AG,1
ONCS,1
BIOVF,1
VVCIF,1
SHYG,1
VCLT,1
HCHDY,1
IBDRY,1
XLC,1
DSM,1
FNMA,1
BOM,1
BDD,1
SCHB,1
HFQIX,1
HFQAX,1
HFQCX,1
PTLC,1
ARW,1
AVT,1
ESI,1
KHRNF,1
EVBG,1
UIHC,1
OFSIX,1
HCKT,1
SSTI,1
CYBE,1
CIM,1
HE,1
HOLI,1
DNOW,1
AGFMF,1
NEXA,1
EDRY,1
EYEN,1
DMPI,1
SYY,1
HEP,1
AFFS,1
FDUSZ,1
PFF,1
TLH,1
DNTUF,1
CPXWF,1
BOXL,1
PIR,1
AFMD,1
MYSZ,1
AVP,1
BCH-USD,1
NXRT,1
GGG,1
PES,1
WLKP,1
DELRF,1
TSEM,1
LTHM,1
FELE,1
PSQ,1
ADA-USD,1
CCEP,1
FDP,1
SCI,1
TTS,1
OISHY,1
AAP,1
FTS,1
CGEYX,1
CRZNX,1
FIW,1
NINOY,1
SDSDF,1
TMUS,1
WTT-USD,1
CMLS,1
ESL,1
NSPR,1
RSG,1
CASM,1
CEO,1
CINR,1
HIX,1
SCHD,1
VDIGX,1
VIG,1
BURBY,1
CBT,1
ADVZF,1
ATBYF,1
BGCP,1
NNA,1
OIS,1
FPNIX,1
MERFX,1
VSGBX,1
CRARF,1
CZZ,1
GTBDF,1
CP,1
EMHTF,1
FGRRF,1
AKAAF,1
UBER,1
AIQUF,1
APYRF,1
EOLS,1
INVVY,1
AEG,1
PLT,1
POST,1
COWN,1
XMR-USD,1
GLA,1
STI,1
NBEV,1
BKT,1
APO,1
GRUB,1
RPXIX,1
RPXFX,1
FPACX,1
CFFN,1
TBGVX,1
TWEBX,1
TBCUX,1
LLL,1
ZOPLY,1
ZLPSF,1
WIP,1
CPXGF,1
IJK,1
OII,1
CRNX,1
EMES,1
ALK,1
